{
    "accuracy": 0.8916827852998066,
    "precision": 0.8113207547169812,
    "recall": 0.296551724137931
}